{"generation":35,{"winner":[[[1,-1,-1,1,-0.5155957,-1,0.133382,-1,1,-0.6258451],[-1,0.7215515,0.1124769,1.830082,-0.3647727,1,-0.8409737,-0.3434652,-1,-1],[0.6049414,-0.1349597,0.5193869,1,1,-3.993519,-0.4348438,0.8588539,-0.9919583,1],[-0.7522246,-0.5614008,-1,0.6853873,1,-0.1130611,0.7098856,-3.341956,-0.07730496,0.8652475],[-1,-0.3787413,-0.6992699,0.3223448,-0.4108303,1,-1,-0.4134165,-1,-1],[-0.1478267,0.1064098,0.3576659,-1,0.9659247,0.7591738,0.1873018,-0.09794593,0.9116436,1],[-1,-1,-0.4506313,0.4360722,-0.1366198,0.05645692,0.6306531,-1,-1,0.4368303],[-1,0.3892107,0.3275087,0.1711285,0.9692494,0.4827847,0.9877347,0.6268128,1,-1],[-1,0.8538796,1,0.412673,-1,1,-1,1,1,-0.669554],[0.3040673,1,1,-0.675292,-1,-0.1490364,-1,-1,-0.4808563,-0.6664802]],[[0.8725873,-1],[1,-0.644871],[-0.2723899,0.2372558],[-1,-0.1576658],[-0.937656,1],[4.833406,-1],[-1,-0.6300629],[-1,1],[1,-0.8594043],[-0.03139237,-1]]],"secWinner":[[[1,-1,-1,1,-0.5155957,-1,0.133382,-1,1,-0.6258451],[-1,0.7215515,0.1124769,1.830082,-0.3647727,1,-0.8409737,-0.3434652,-1,-1],[0.6049414,-0.1349597,0.5193869,1,1,-3.993519,-0.4348438,0.8588539,-1,1],[-0.7522246,-0.6060717,-1,0.6853873,1,0.2374198,0.7098856,-3.341956,-0.07730496,0.8652475],[-1,-0.3787413,-0.3801084,0.3223448,-0.4108303,1,-1,-0.4134165,-1,-1],[-0.1478267,0.1064098,0.3576659,-1,0.9659247,0.7591738,0.1873018,-0.09794593,0.9116436,1],[-1,-1,-0.4506313,0.4360722,-0.1366198,0.05645692,0.5424396,-1,-1,0.4368303],[-1,0.3892107,0.3275087,0.1711285,0.9692494,0.4827847,0.9877347,0.6268128,1,-1],[-1,0.8538796,1,0.412673,-1,1,-1,1,1,-0.1262984],[0.3040673,1,1,-0.675292,-1,-1,-1,-1,-0.4808563,-0.6664802]],[[1,-1],[1,-0.644871],[-0.2723899,0.2372558],[-1,-0.1576658],[-0.937656,1],[4.833406,-1],[-1,-0.6300629],[-1,1],[1,-1.183424],[-0.03139237,-1]]]}